{"v":"5.5.2","fr":60,"ip":0,"op":84,"w":1080,"h":1200,"nm":"Comp 1","ddd":0,"assets":[],"layers":[{"ddd":0,"ind":1,"ty":3,"nm":"bouncenull","sr":1,"ks":{"o":{"a":0,"k":0,"ix":11},"r":{"a":0,"k":0,"ix":10},"p":{"a":1,"k":[{"i":{"x":0.667,"y":1},"o":{"x":0.167,"y":0.167},"t":22,"s":[540,600,0],"to":[0,0,0],"ti":[0,0,0]},{"i":{"x":0.833,"y":0.833},"o":{"x":0.333,"y":0},"t":25,"s":[540,678,0],"to":[0,0,0],"ti":[0,0,0]},{"t":42,"s":[540,600,0]}],"ix":2},"a":{"a":0,"k":[0,0,0],"ix":1},"s":{"a":0,"k":[100,100,100],"ix":6}},"ao":0,"ip":0,"op":600,"st":0,"bm":0},{"ddd":0,"ind":2,"ty":4,"nm":"marker Outlines","parent":1,"sr":1,"ks":{"o":{"a":1,"k":[{"i":{"x":[0.833],"y":[0.833]},"o":{"x":[0.167],"y":[0.167]},"t":8,"s":[0]},{"t":14,"s":[100]}],"ix":11},"r":{"a":0,"k":0,"ix":10},"p":{"a":1,"k":[{"i":{"x":0.833,"y":0.833},"o":{"x":0.167,"y":0.167},"t":0,"s":[-155.1,-589.79,0],"to":[0,72.167,0],"ti":[0,-72.167,0]},{"t":22,"s":[-155.1,-156.79,0]}],"ix":2},"a":{"a":0,"k":[168.5,225,0],"ix":1},"s":{"a":0,"k":[100,100,100],"ix":6}},"ao":0,"shapes":[{"ty":"gr","it":[{"ind":0,"ty":"sh","ix":1,"ks":{"a":0,"k":{"i":[[-38.73,0],[0,-38.73],[38.73,0],[0,38.73]],"o":[[38.73,0],[0,38.73],[-38.73,0],[0,-38.73]],"v":[[-0.076,-126.51],[70.124,-56.46],[-0.076,13.59],[-70.126,-56.46]],"c":true},"ix":2},"nm":"Path 1","mn":"ADBE Vector Shape - Group","hd":false},{"ind":1,"ty":"sh","ix":2,"ks":{"a":0,"k":{"i":[[93.041,0],[0,-92.88],[-55.54,-79.61],[-33.63,-48.45],[0,0],[-0.93,-1.39],[-8.18,2.011],[-0.02,0],[-3.07,4.46],[-0.929,1.39],[-0.021,0.031],[-22.221,34.71],[0,37.96]],"o":[[-92.88,0],[0,49.22],[20.22,29.32],[0.01,0],[0.93,1.39],[5.24,7.56],[0.02,0],[4.77,-1.09],[0.92,-1.39],[0.02,-0.03],[54.419,-78.63],[28.849,-45.051],[0,-92.88]],"v":[[-0.076,-224.79],[-168.256,-56.46],[-100.216,95.98],[-20.296,210.61],[-20.286,210.62],[-17.356,214.94],[5.014,223.269],[5.074,223.26],[17.204,214.94],[20.144,210.62],[20.215,210.519],[132.005,49.23],[168.255,-56.46]],"c":true},"ix":2},"nm":"Path 2","mn":"ADBE Vector Shape - Group","hd":false},{"ty":"mm","mm":1,"nm":"Merge Paths 1","mn":"ADBE Vector Filter - Merge","hd":false},{"ty":"fl","c":{"a":0,"k":[0.13333333333333333,0.8,0.4117647058823529,1],"ix":4},"o":{"a":0,"k":100,"ix":5},"r":1,"bm":0,"nm":"Fill 1","mn":"ADBE Vector Graphic - Fill","hd":false},{"ty":"tr","p":{"a":0,"k":[168.255,224.79],"ix":2},"a":{"a":0,"k":[0,0],"ix":1},"s":{"a":0,"k":[100,100],"ix":3},"r":{"a":0,"k":0,"ix":6},"o":{"a":0,"k":100,"ix":7},"sk":{"a":0,"k":0,"ix":4},"sa":{"a":0,"k":0,"ix":5},"nm":"Transform"}],"nm":"Group 1","np":6,"cix":2,"bm":0,"ix":1,"mn":"ADBE Vector Group","hd":false}],"ip":0,"op":600,"st":0,"bm":0},{"ddd":0,"ind":4,"ty":4,"nm":"shadow","parent":1,"sr":1,"ks":{"o":{"a":0,"k":10,"ix":11},"r":{"a":0,"k":0,"ix":10},"p":{"a":0,"k":[-154.173,66.999,0],"ix":2},"a":{"a":0,"k":[-154.173,66.999,0],"ix":1},"s":{"a":1,"k":[{"i":{"x":[0.954,0.954,0.667],"y":[0.407,0.407,1]},"o":{"x":[0.167,0.167,0.167],"y":[0.167,0.167,16.667]},"t":9,"s":[0,0,100]},{"t":22,"s":[100,100,100]}],"ix":6}},"ao":0,"shapes":[{"ty":"gr","it":[{"ind":0,"ty":"sh","ix":1,"ks":{"a":0,"k":{"i":[[0,-7.674],[43.646,0],[0,7.674],[-43.646,0]],"o":[[0,7.674],[-43.646,0],[0,-7.674],[43.646,0]],"v":[[-75.144,66.999],[-154.173,80.894],[-233.202,66.999],[-154.173,53.103]],"c":true},"ix":2},"nm":"Path 1","mn":"ADBE Vector Shape - Group","hd":false},{"ty":"fl","c":{"a":0,"k":[0.104892402887,0.164686009288,0.372094511986,1],"ix":4},"o":{"a":0,"k":100,"ix":5},"r":1,"bm":0,"nm":"Fill 1","mn":"ADBE Vector Graphic - Fill","hd":false},{"ty":"tr","p":{"a":0,"k":[0,0],"ix":2},"a":{"a":0,"k":[0,0],"ix":1},"s":{"a":0,"k":[100,100],"ix":3},"r":{"a":0,"k":0,"ix":6},"o":{"a":0,"k":100,"ix":7},"sk":{"a":0,"k":0,"ix":4},"sa":{"a":0,"k":0,"ix":5},"nm":"Transform"}],"nm":"Group 1","np":2,"cix":2,"bm":0,"ix":1,"mn":"ADBE Vector Group","hd":false}],"ip":0,"op":600,"st":0,"bm":0},{"ddd":0,"ind":5,"ty":4,"nm":"mask","parent":1,"td":1,"sr":1,"ks":{"o":{"a":0,"k":100,"ix":11},"r":{"a":0,"k":0,"ix":10},"p":{"a":0,"k":[-10.44,66.615,0],"ix":2},"a":{"a":0,"k":[-10.44,66.615,0],"ix":1},"s":{"a":0,"k":[100,100,100],"ix":6}},"ao":0,"shapes":[{"ty":"gr","it":[{"ind":0,"ty":"sh","ix":1,"ks":{"a":0,"k":{"i":[[41.81,-133.47],[0.01,-0.02],[2.92,-7.84],[39.03,-44.9],[126.68,-6.02],[34.26,4.78],[0.01,0.01],[40.72,19.74],[28.86,29.16],[0.02,0.02],[13.72,23.28],[-90.21,93.65],[0,0],[-0.46,0.46],[-45.82,8.18],[0,49.22],[-92.88,0],[0,-92.88],[28.85,-45.05],[-2.47,1.54],[-34.4,21.6],[-0.01,0.01],[-114.47,-110]],"o":[[-0.01,0.02],[-2.47,7.85],[-19.9,54.16],[-68.19,78.54],[-38.88,1.85],[-0.01,0],[-51.82,-7.41],[-41.51,-19.9],[-0.02,-0.02],[-20.34,-20.35],[-61.86,-104.75],[0,0],[0.31,-0.46],[38.57,-39.5],[-55.54,-79.61],[0,-92.88],[93.04,0],[0,37.96],[2.62,-1.39],[35.02,-20.83],[0.01,-0.01],[83.16,-51.99],[74.06,71.13]],"v":[[420.11,193.26],[420.09,193.32],[412.08,216.86],[323.52,368.07],[30.98,509.1],[-78.73,504.47],[-78.77,504.46],[-217.74,462.96],[-323.59,388.44],[-323.65,388.38],[-374.66,322.71],[-384.11,3.98],[-384.07,3.94],[-382.99,2.71],[-255.24,-61.02],[-323.28,-213.46],[-155.1,-381.79],[13.23,-213.46],[-23.02,-107.77],[-15.46,-112.09],[87.91,-179.98],[87.94,-180],[372.12,-151.9]],"c":true},"ix":2},"nm":"Path 1","mn":"ADBE Vector Shape - Group","hd":false},{"ind":1,"ty":"sh","ix":2,"ks":{"a":0,"k":{"i":[[0,0],[0,0],[0,0],[0,0]],"o":[[0,0],[0,0],[0,0],[0,0]],"v":[[-504.26,-406.77],[-504.26,540],[483.38,540],[483.38,-406.77]],"c":true},"ix":2},"nm":"Path 2","mn":"ADBE Vector Shape - Group","hd":false},{"ty":"fl","c":{"a":0,"k":[1,1,1,1],"ix":4},"o":{"a":0,"k":100,"ix":5},"r":1,"bm":0,"nm":"Fill 1","mn":"ADBE Vector Graphic - Fill","hd":false},{"ty":"tr","p":{"a":0,"k":[0,0],"ix":2},"a":{"a":0,"k":[0,0],"ix":1},"s":{"a":0,"k":[100,100],"ix":3},"r":{"a":0,"k":0,"ix":6},"o":{"a":0,"k":100,"ix":7},"sk":{"a":0,"k":0,"ix":4},"sa":{"a":0,"k":0,"ix":5},"nm":"Transform"}],"nm":"Group 1","np":3,"cix":2,"bm":0,"ix":1,"mn":"ADBE Vector Group","hd":false}],"ip":0,"op":600,"st":0,"bm":0},{"ddd":0,"ind":6,"ty":4,"nm":"Layer 6","parent":1,"tt":2,"sr":1,"ks":{"o":{"a":0,"k":100,"ix":11},"r":{"a":0,"k":0,"ix":10},"p":{"a":0,"k":[265.243,6.171,0],"ix":2},"a":{"a":0,"k":[265.243,6.171,0],"ix":1},"s":{"a":0,"k":[100,100,100],"ix":6}},"ao":0,"shapes":[{"ty":"gr","it":[{"ind":0,"ty":"sh","ix":1,"ks":{"a":0,"k":{"i":[[0,0],[-132.756,-93.411],[0,0]],"o":[[0,0],[132.756,93.411],[0,0]],"v":[[87.584,-183.675],[235.958,104.556],[442.901,196.014]],"c":false},"ix":2},"nm":"Path 1","mn":"ADBE Vector Shape - Group","hd":false},{"ty":"st","c":{"a":0,"k":[0.786373734474,0.844205379486,0.937743186951,1],"ix":3},"o":{"a":0,"k":100,"ix":4},"w":{"a":0,"k":24.579,"ix":5},"lc":2,"lj":2,"bm":0,"nm":"Stroke 1","mn":"ADBE Vector Graphic - Stroke","hd":false},{"ty":"tr","p":{"a":0,"k":[0,0],"ix":2},"a":{"a":0,"k":[0,0],"ix":1},"s":{"a":0,"k":[100,100],"ix":3},"r":{"a":0,"k":0,"ix":6},"o":{"a":0,"k":100,"ix":7},"sk":{"a":0,"k":0,"ix":4},"sa":{"a":0,"k":0,"ix":5},"nm":"Transform"}],"nm":"Group 1","np":2,"cix":2,"bm":0,"ix":1,"mn":"ADBE Vector Group","hd":false},{"ty":"tm","s":{"a":1,"k":[{"i":{"x":[0.833],"y":[0.833]},"o":{"x":[0.167],"y":[0.167]},"t":46,"s":[62]},{"t":66,"s":[100]}],"ix":1},"e":{"a":1,"k":[{"i":{"x":[0.833],"y":[0.833]},"o":{"x":[0.167],"y":[0.167]},"t":46,"s":[62]},{"t":66,"s":[0]}],"ix":2},"o":{"a":0,"k":0,"ix":3},"m":1,"ix":2,"nm":"Trim Paths 1","mn":"ADBE Vector Filter - Trim","hd":false}],"ip":0,"op":600,"st":0,"bm":0},{"ddd":0,"ind":7,"ty":4,"nm":"mask 4","parent":1,"td":1,"sr":1,"ks":{"o":{"a":0,"k":100,"ix":11},"r":{"a":0,"k":0,"ix":10},"p":{"a":0,"k":[-10.44,66.615,0],"ix":2},"a":{"a":0,"k":[-10.44,66.615,0],"ix":1},"s":{"a":0,"k":[100,100,100],"ix":6}},"ao":0,"shapes":[{"ty":"gr","it":[{"ind":0,"ty":"sh","ix":1,"ks":{"a":0,"k":{"i":[[41.81,-133.47],[0.01,-0.02],[2.92,-7.84],[39.03,-44.9],[126.68,-6.02],[34.26,4.78],[0.01,0.01],[40.72,19.74],[28.86,29.16],[0.02,0.02],[13.72,23.28],[-90.21,93.65],[0,0],[-0.46,0.46],[-45.82,8.18],[0,49.22],[-92.88,0],[0,-92.88],[28.85,-45.05],[-2.47,1.54],[-34.4,21.6],[-0.01,0.01],[-114.47,-110]],"o":[[-0.01,0.02],[-2.47,7.85],[-19.9,54.16],[-68.19,78.54],[-38.88,1.85],[-0.01,0],[-51.82,-7.41],[-41.51,-19.9],[-0.02,-0.02],[-20.34,-20.35],[-61.86,-104.75],[0,0],[0.31,-0.46],[38.57,-39.5],[-55.54,-79.61],[0,-92.88],[93.04,0],[0,37.96],[2.62,-1.39],[35.02,-20.83],[0.01,-0.01],[83.16,-51.99],[74.06,71.13]],"v":[[420.11,193.26],[420.09,193.32],[412.08,216.86],[323.52,368.07],[30.98,509.1],[-78.73,504.47],[-78.77,504.46],[-217.74,462.96],[-323.59,388.44],[-323.65,388.38],[-374.66,322.71],[-384.11,3.98],[-384.07,3.94],[-382.99,2.71],[-255.24,-61.02],[-323.28,-213.46],[-155.1,-381.79],[13.23,-213.46],[-23.02,-107.77],[-15.46,-112.09],[87.91,-179.98],[87.94,-180],[372.12,-151.9]],"c":true},"ix":2},"nm":"Path 1","mn":"ADBE Vector Shape - Group","hd":false},{"ind":1,"ty":"sh","ix":2,"ks":{"a":0,"k":{"i":[[0,0],[0,0],[0,0],[0,0]],"o":[[0,0],[0,0],[0,0],[0,0]],"v":[[-504.26,-406.77],[-504.26,540],[483.38,540],[483.38,-406.77]],"c":true},"ix":2},"nm":"Path 2","mn":"ADBE Vector Shape - Group","hd":false},{"ty":"fl","c":{"a":0,"k":[1,1,1,1],"ix":4},"o":{"a":0,"k":100,"ix":5},"r":1,"bm":0,"nm":"Fill 1","mn":"ADBE Vector Graphic - Fill","hd":false},{"ty":"tr","p":{"a":0,"k":[0,0],"ix":2},"a":{"a":0,"k":[0,0],"ix":1},"s":{"a":0,"k":[100,100],"ix":3},"r":{"a":0,"k":0,"ix":6},"o":{"a":0,"k":100,"ix":7},"sk":{"a":0,"k":0,"ix":4},"sa":{"a":0,"k":0,"ix":5},"nm":"Transform"}],"nm":"Group 1","np":3,"cix":2,"bm":0,"ix":1,"mn":"ADBE Vector Group","hd":false}],"ip":0,"op":600,"st":0,"bm":0},{"ddd":0,"ind":8,"ty":4,"nm":"Layer 5","parent":1,"tt":2,"sr":1,"ks":{"o":{"a":0,"k":100,"ix":11},"r":{"a":0,"k":0,"ix":10},"p":{"a":0,"k":[-283.702,107.718,0],"ix":2},"a":{"a":0,"k":[-283.702,107.718,0],"ix":1},"s":{"a":0,"k":[100,100,100],"ix":6}},"ao":0,"shapes":[{"ty":"gr","it":[{"ind":0,"ty":"sh","ix":1,"ks":{"a":0,"k":{"i":[[0,0],[0,0]],"o":[[0,0],[0,0]],"v":[[-400.456,-12.908],[-166.948,228.344]],"c":false},"ix":2},"nm":"Path 1","mn":"ADBE Vector Shape - Group","hd":false},{"ty":"st","c":{"a":0,"k":[0.786373734474,0.844205379486,0.937743186951,1],"ix":3},"o":{"a":0,"k":100,"ix":4},"w":{"a":0,"k":24.579,"ix":5},"lc":2,"lj":2,"bm":0,"nm":"Stroke 1","mn":"ADBE Vector Graphic - Stroke","hd":false},{"ty":"tr","p":{"a":0,"k":[0,0],"ix":2},"a":{"a":0,"k":[0,0],"ix":1},"s":{"a":0,"k":[100,100],"ix":3},"r":{"a":0,"k":0,"ix":6},"o":{"a":0,"k":100,"ix":7},"sk":{"a":0,"k":0,"ix":4},"sa":{"a":0,"k":0,"ix":5},"nm":"Transform"}],"nm":"Group 1","np":2,"cix":2,"bm":0,"ix":1,"mn":"ADBE Vector Group","hd":false},{"ty":"tm","s":{"a":1,"k":[{"i":{"x":[0.833],"y":[0.833]},"o":{"x":[0.167],"y":[0.167]},"t":35,"s":[100]},{"t":52,"s":[0]}],"ix":1},"e":{"a":0,"k":100,"ix":2},"o":{"a":0,"k":0,"ix":3},"m":1,"ix":2,"nm":"Trim Paths 1","mn":"ADBE Vector Filter - Trim","hd":false}],"ip":0,"op":600,"st":0,"bm":0},{"ddd":0,"ind":9,"ty":4,"nm":"mask 3","parent":1,"td":1,"sr":1,"ks":{"o":{"a":0,"k":100,"ix":11},"r":{"a":0,"k":0,"ix":10},"p":{"a":0,"k":[-10.44,66.615,0],"ix":2},"a":{"a":0,"k":[-10.44,66.615,0],"ix":1},"s":{"a":0,"k":[100,100,100],"ix":6}},"ao":0,"shapes":[{"ty":"gr","it":[{"ind":0,"ty":"sh","ix":1,"ks":{"a":0,"k":{"i":[[41.81,-133.47],[0.01,-0.02],[2.92,-7.84],[39.03,-44.9],[126.68,-6.02],[34.26,4.78],[0.01,0.01],[40.72,19.74],[28.86,29.16],[0.02,0.02],[13.72,23.28],[-90.21,93.65],[0,0],[-0.46,0.46],[-45.82,8.18],[0,49.22],[-92.88,0],[0,-92.88],[28.85,-45.05],[-2.47,1.54],[-34.4,21.6],[-0.01,0.01],[-114.47,-110]],"o":[[-0.01,0.02],[-2.47,7.85],[-19.9,54.16],[-68.19,78.54],[-38.88,1.85],[-0.01,0],[-51.82,-7.41],[-41.51,-19.9],[-0.02,-0.02],[-20.34,-20.35],[-61.86,-104.75],[0,0],[0.31,-0.46],[38.57,-39.5],[-55.54,-79.61],[0,-92.88],[93.04,0],[0,37.96],[2.62,-1.39],[35.02,-20.83],[0.01,-0.01],[83.16,-51.99],[74.06,71.13]],"v":[[420.11,193.26],[420.09,193.32],[412.08,216.86],[323.52,368.07],[30.98,509.1],[-78.73,504.47],[-78.77,504.46],[-217.74,462.96],[-323.59,388.44],[-323.65,388.38],[-374.66,322.71],[-384.11,3.98],[-384.07,3.94],[-382.99,2.71],[-255.24,-61.02],[-323.28,-213.46],[-155.1,-381.79],[13.23,-213.46],[-23.02,-107.77],[-15.46,-112.09],[87.91,-179.98],[87.94,-180],[372.12,-151.9]],"c":true},"ix":2},"nm":"Path 1","mn":"ADBE Vector Shape - Group","hd":false},{"ind":1,"ty":"sh","ix":2,"ks":{"a":0,"k":{"i":[[0,0],[0,0],[0,0],[0,0]],"o":[[0,0],[0,0],[0,0],[0,0]],"v":[[-504.26,-406.77],[-504.26,540],[483.38,540],[483.38,-406.77]],"c":true},"ix":2},"nm":"Path 2","mn":"ADBE Vector Shape - Group","hd":false},{"ty":"fl","c":{"a":0,"k":[1,1,1,1],"ix":4},"o":{"a":0,"k":100,"ix":5},"r":1,"bm":0,"nm":"Fill 1","mn":"ADBE Vector Graphic - Fill","hd":false},{"ty":"tr","p":{"a":0,"k":[0,0],"ix":2},"a":{"a":0,"k":[0,0],"ix":1},"s":{"a":0,"k":[100,100],"ix":3},"r":{"a":0,"k":0,"ix":6},"o":{"a":0,"k":100,"ix":7},"sk":{"a":0,"k":0,"ix":4},"sa":{"a":0,"k":0,"ix":5},"nm":"Transform"}],"nm":"Group 1","np":3,"cix":2,"bm":0,"ix":1,"mn":"ADBE Vector Group","hd":false}],"ip":0,"op":600,"st":0,"bm":0},{"ddd":0,"ind":10,"ty":4,"nm":"Layer 4","parent":1,"tt":2,"sr":1,"ks":{"o":{"a":0,"k":100,"ix":11},"r":{"a":0,"k":0,"ix":10},"p":{"a":0,"k":[-205.058,267.264,0],"ix":2},"a":{"a":0,"k":[-205.058,267.264,0],"ix":1},"s":{"a":0,"k":[100,100,100],"ix":6}},"ao":0,"shapes":[{"ty":"gr","it":[{"ind":0,"ty":"sh","ix":1,"ks":{"a":0,"k":{"i":[[0,0],[0,0],[0,0]],"o":[[0,0],[0,0],[0,0]],"v":[[-76.038,135.502],[-166.948,228.344],[-334.078,399.026]],"c":false},"ix":2},"nm":"Path 1","mn":"ADBE Vector Shape - Group","hd":false},{"ty":"st","c":{"a":0,"k":[0.786373734474,0.844205379486,0.937743186951,1],"ix":3},"o":{"a":0,"k":100,"ix":4},"w":{"a":0,"k":24.579,"ix":5},"lc":2,"lj":2,"bm":0,"nm":"Stroke 1","mn":"ADBE Vector Graphic - Stroke","hd":false},{"ty":"tr","p":{"a":0,"k":[0,0],"ix":2},"a":{"a":0,"k":[0,0],"ix":1},"s":{"a":0,"k":[100,100],"ix":3},"r":{"a":0,"k":0,"ix":6},"o":{"a":0,"k":100,"ix":7},"sk":{"a":0,"k":0,"ix":4},"sa":{"a":0,"k":0,"ix":5},"nm":"Transform"}],"nm":"Group 1","np":2,"cix":2,"bm":0,"ix":1,"mn":"ADBE Vector Group","hd":false},{"ty":"tm","s":{"a":0,"k":0,"ix":1},"e":{"a":1,"k":[{"i":{"x":[0.667],"y":[1]},"o":{"x":[0.333],"y":[0]},"t":27,"s":[0]},{"t":46,"s":[100]}],"ix":2},"o":{"a":0,"k":0,"ix":3},"m":1,"ix":2,"nm":"Trim Paths 1","mn":"ADBE Vector Filter - Trim","hd":false}],"ip":0,"op":600,"st":0,"bm":0},{"ddd":0,"ind":11,"ty":4,"nm":"Layer 3","parent":1,"sr":1,"ks":{"o":{"a":0,"k":100,"ix":11},"r":{"a":0,"k":0,"ix":10},"p":{"a":0,"k":[116.36,201.996,0],"ix":2},"a":{"a":0,"k":[116.36,201.996,0],"ix":1},"s":{"a":0,"k":[100,100,100],"ix":6}},"ao":0,"shapes":[{"ty":"gr","it":[{"ind":0,"ty":"sh","ix":1,"ks":{"a":0,"k":{"i":[[0,0],[-42.95,62.473],[0,0]],"o":[[0,0],[42.95,-62.473],[0,0]],"v":[[-20.841,234.996],[167.661,264.318],[253.562,117.896]],"c":false},"ix":2},"nm":"Path 1","mn":"ADBE Vector Shape - Group","hd":false},{"ty":"st","c":{"a":0,"k":[0.786373734474,0.844205379486,0.937743186951,1],"ix":3},"o":{"a":0,"k":100,"ix":4},"w":{"a":0,"k":24.579,"ix":5},"lc":2,"lj":2,"bm":0,"nm":"Stroke 1","mn":"ADBE Vector Graphic - Stroke","hd":false},{"ty":"tr","p":{"a":0,"k":[0,0],"ix":2},"a":{"a":0,"k":[0,0],"ix":1},"s":{"a":0,"k":[100,100],"ix":3},"r":{"a":0,"k":0,"ix":6},"o":{"a":0,"k":100,"ix":7},"sk":{"a":0,"k":0,"ix":4},"sa":{"a":0,"k":0,"ix":5},"nm":"Transform"}],"nm":"Group 1","np":2,"cix":2,"bm":0,"ix":1,"mn":"ADBE Vector Group","hd":false},{"ty":"tm","s":{"a":0,"k":0,"ix":1},"e":{"a":1,"k":[{"i":{"x":[0.833],"y":[0.833]},"o":{"x":[0.167],"y":[0.167]},"t":30,"s":[0]},{"t":46,"s":[100]}],"ix":2},"o":{"a":0,"k":0,"ix":3},"m":1,"ix":2,"nm":"Trim Paths 1","mn":"ADBE Vector Filter - Trim","hd":false}],"ip":0,"op":600,"st":0,"bm":0},{"ddd":0,"ind":12,"ty":4,"nm":"mask 2","parent":1,"td":1,"sr":1,"ks":{"o":{"a":0,"k":100,"ix":11},"r":{"a":0,"k":0,"ix":10},"p":{"a":0,"k":[-10.44,66.615,0],"ix":2},"a":{"a":0,"k":[-10.44,66.615,0],"ix":1},"s":{"a":0,"k":[100,100,100],"ix":6}},"ao":0,"shapes":[{"ty":"gr","it":[{"ind":0,"ty":"sh","ix":1,"ks":{"a":0,"k":{"i":[[41.81,-133.47],[0.01,-0.02],[2.92,-7.84],[39.03,-44.9],[126.68,-6.02],[34.26,4.78],[0.01,0.01],[40.72,19.74],[28.86,29.16],[0.02,0.02],[13.72,23.28],[-90.21,93.65],[0,0],[-0.46,0.46],[-45.82,8.18],[0,49.22],[-92.88,0],[0,-92.88],[28.85,-45.05],[-2.47,1.54],[-34.4,21.6],[-0.01,0.01],[-114.47,-110]],"o":[[-0.01,0.02],[-2.47,7.85],[-19.9,54.16],[-68.19,78.54],[-38.88,1.85],[-0.01,0],[-51.82,-7.41],[-41.51,-19.9],[-0.02,-0.02],[-20.34,-20.35],[-61.86,-104.75],[0,0],[0.31,-0.46],[38.57,-39.5],[-55.54,-79.61],[0,-92.88],[93.04,0],[0,37.96],[2.62,-1.39],[35.02,-20.83],[0.01,-0.01],[83.16,-51.99],[74.06,71.13]],"v":[[420.11,193.26],[420.09,193.32],[412.08,216.86],[323.52,368.07],[30.98,509.1],[-78.73,504.47],[-78.77,504.46],[-217.74,462.96],[-323.59,388.44],[-323.65,388.38],[-374.66,322.71],[-384.11,3.98],[-384.07,3.94],[-382.99,2.71],[-255.24,-61.02],[-323.28,-213.46],[-155.1,-381.79],[13.23,-213.46],[-23.02,-107.77],[-15.46,-112.09],[87.91,-179.98],[87.94,-180],[372.12,-151.9]],"c":true},"ix":2},"nm":"Path 1","mn":"ADBE Vector Shape - Group","hd":false},{"ind":1,"ty":"sh","ix":2,"ks":{"a":0,"k":{"i":[[0,0],[0,0],[0,0],[0,0]],"o":[[0,0],[0,0],[0,0],[0,0]],"v":[[-504.26,-406.77],[-504.26,540],[483.38,540],[483.38,-406.77]],"c":true},"ix":2},"nm":"Path 2","mn":"ADBE Vector Shape - Group","hd":false},{"ty":"fl","c":{"a":0,"k":[1,1,1,1],"ix":4},"o":{"a":0,"k":100,"ix":5},"r":1,"bm":0,"nm":"Fill 1","mn":"ADBE Vector Graphic - Fill","hd":false},{"ty":"tr","p":{"a":0,"k":[0,0],"ix":2},"a":{"a":0,"k":[0,0],"ix":1},"s":{"a":0,"k":[100,100],"ix":3},"r":{"a":0,"k":0,"ix":6},"o":{"a":0,"k":100,"ix":7},"sk":{"a":0,"k":0,"ix":4},"sa":{"a":0,"k":0,"ix":5},"nm":"Transform"}],"nm":"Group 1","np":3,"cix":2,"bm":0,"ix":1,"mn":"ADBE Vector Group","hd":false}],"ip":0,"op":600,"st":0,"bm":0},{"ddd":0,"ind":13,"ty":4,"nm":"Layer 2","parent":1,"tt":2,"sr":1,"ks":{"o":{"a":0,"k":100,"ix":11},"r":{"a":0,"k":0,"ix":10},"p":{"a":0,"k":[-88.359,290.183,0],"ix":2},"a":{"a":0,"k":[-88.359,290.183,0],"ix":1},"s":{"a":0,"k":[100,100,100],"ix":6}},"ao":0,"shapes":[{"ty":"gr","it":[{"ind":0,"ty":"sh","ix":1,"ks":{"a":0,"k":{"i":[[0,0],[-26.691,-74.353],[-58.885,-136.743]],"o":[[0,0],[26.691,74.353],[0,0]],"v":[[-155.96,61.579],[-24.27,214.833],[-74.808,518.787]],"c":false},"ix":2},"nm":"Path 1","mn":"ADBE Vector Shape - Group","hd":false},{"ty":"st","c":{"a":0,"k":[0.786373734474,0.844205379486,0.937743186951,1],"ix":3},"o":{"a":0,"k":100,"ix":4},"w":{"a":0,"k":24.579,"ix":5},"lc":2,"lj":2,"bm":0,"nm":"Stroke 1","mn":"ADBE Vector Graphic - Stroke","hd":false},{"ty":"tr","p":{"a":0,"k":[0,0],"ix":2},"a":{"a":0,"k":[0,0],"ix":1},"s":{"a":0,"k":[100,100],"ix":3},"r":{"a":0,"k":0,"ix":6},"o":{"a":0,"k":100,"ix":7},"sk":{"a":0,"k":0,"ix":4},"sa":{"a":0,"k":0,"ix":5},"nm":"Transform"}],"nm":"Group 1","np":2,"cix":2,"bm":0,"ix":1,"mn":"ADBE Vector Group","hd":false},{"ty":"tm","s":{"a":0,"k":0,"ix":1},"e":{"a":1,"k":[{"i":{"x":[0.667],"y":[1]},"o":{"x":[0.333],"y":[0]},"t":23,"s":[0]},{"t":39,"s":[100]}],"ix":2},"o":{"a":0,"k":0,"ix":3},"m":1,"ix":2,"nm":"Trim Paths 1","mn":"ADBE Vector Filter - Trim","hd":false}],"ip":0,"op":600,"st":0,"bm":0},{"ddd":0,"ind":14,"ty":4,"nm":"Layer 1","parent":1,"sr":1,"ks":{"o":{"a":0,"k":100,"ix":11},"r":{"a":0,"k":0,"ix":10},"p":{"a":0,"k":[2.556,141.567,0],"ix":2},"a":{"a":0,"k":[2.556,141.567,0],"ix":1},"s":{"a":0,"k":[100,100,100],"ix":6}},"ao":0,"shapes":[{"ty":"gr","it":[{"ind":0,"ty":"sh","ix":1,"ks":{"a":0,"k":{"i":[[41.81,-133.47],[0.01,-0.02],[2.92,-7.84],[39.03,-44.9],[126.68,-6.02],[34.26,4.78],[0.01,0.01],[40.72,19.74],[28.86,29.16],[0.02,0.02],[13.72,23.28],[-90.21,93.65],[0,0],[-0.46,0.46],[-45.82,8.18],[-75.14,41.04],[-2.47,1.54],[-34.4,21.6],[-0.01,0.01],[-114.47,-110]],"o":[[-0.01,0.02],[-2.47,7.85],[-19.9,54.16],[-68.19,78.54],[-38.88,1.85],[-0.01,0],[-51.82,-7.41],[-41.51,-19.9],[-0.02,-0.02],[-20.34,-20.35],[-61.86,-104.75],[0,0],[0.31,-0.46],[38.57,-39.5],[75.45,-13.42],[2.62,-1.39],[35.02,-20.83],[0.01,-0.01],[83.16,-51.99],[74.06,71.13]],"v":[[420.11,193.26],[420.09,193.32],[412.08,216.86],[323.52,368.07],[30.98,509.1],[-78.73,504.47],[-78.77,504.46],[-217.74,462.96],[-323.59,388.44],[-323.65,388.38],[-374.66,322.71],[-384.11,3.98],[-384.07,3.94],[-382.99,2.71],[-255.24,-61.02],[-23.02,-107.77],[-15.46,-112.09],[87.91,-179.98],[87.94,-180],[372.12,-151.9]],"c":true},"ix":2},"nm":"Path 1","mn":"ADBE Vector Shape - Group","hd":false},{"ty":"fl","c":{"a":0,"k":[0.902281224728,0.934477746487,0.975371956825,1],"ix":4},"o":{"a":0,"k":100,"ix":5},"r":1,"bm":0,"nm":"Fill 1","mn":"ADBE Vector Graphic - Fill","hd":false},{"ty":"tr","p":{"a":0,"k":[0,0],"ix":2},"a":{"a":0,"k":[0,0],"ix":1},"s":{"a":0,"k":[100,100],"ix":3},"r":{"a":0,"k":0,"ix":6},"o":{"a":0,"k":100,"ix":7},"sk":{"a":0,"k":0,"ix":4},"sa":{"a":0,"k":0,"ix":5},"nm":"Transform"}],"nm":"Group 1","np":2,"cix":2,"bm":0,"ix":1,"mn":"ADBE Vector Group","hd":false}],"ip":0,"op":600,"st":0,"bm":0}],"markers":[]}